{
    "SlowHP": 950,
    "FatHP": 3000,
    "BombHP": 2000,
    "CockRoachHP": 200,
    "ArmorHP": 6000,
    "LockOnHP": 1500,
    "TimeUntilNextShot": 1.5,
    "TurretHP": 1000,
    "BurretSmooth": 0.800000011920929,
    "BossHP": 10000,
    "EnemyPopTime": 5.0,
    "AttenuationRate": 0.9300000071525574,
    "PunchSpeed": 70.0
}